1,Mitchell,Hawkridge,mhawkridge0@smh.com.au,19.63.245.32
2,Ashla,Tollmache,atollmache1@npr.org,244.206.133.186
3,Hubie,Greves,hgreves2@joomla.org,202.55.223.86
4,Tabbatha,McGilleghole,tmcgilleghole3@telegraph.co.uk,150.132.32.152
5,Clareta,Fairest,cfairest4@rediff.com,199.57.237.212
6,Richmond,Ritchard,rritchard5@imageshack.us,232.32.175.219
7,Bond,Kleinhaus,bkleinhaus6@jalbum.net,139.246.80.111
8,Leticia,Rean,lrean7@e-recht24.de,255.79.64.218
9,Chandal,Janda,cjanda8@zdnet.com,120.160.212.154
10,Truda,Streat,tstreat9@intel.com,166.165.13.249
11,Ginelle,Woonton,gwoontona@issuu.com,198.176.44.125
12,Burtie,Couroy,bcouroyb@constantcontact.com,250.81.168.241
13,Gracie,Ekell,gekellc@businessweek.com,52.131.128.188
14,Kermit,Meachem,kmeachemd@joomla.org,80.232.195.247
15,Shaina,McFarlan,smcfarlane@weebly.com,234.64.192.31
16,Saba,Vatcher,svatcherf@constantcontact.com,249.53.197.115
17,Gunner,Adame,gadameg@telegraph.co.uk,32.219.29.134
18,Car,Sprason,csprasonh@google.de,0.215.188.108
19,Cindi,Kundt,ckundti@howstuffworks.com,202.87.128.99
20,Timmy,Pittem,tpittemj@networksolutions.com,36.32.240.128
21,Dani,McAughtry,dmcaughtryk@indiegogo.com,194.9.8.217
22,Dannye,Bleakley,dbleakleyl@soup.io,30.207.115.152
23,Cristiano,Bushell,cbushellm@canalblog.com,220.100.170.24
24,Dorelia,Bamlett,dbamlettn@cloudflare.com,123.227.66.254
25,Cull,Leban,clebano@about.com,124.231.80.164
26,Terra,Ciobotaro,tciobotarop@tiny.cc,30.160.243.160
27,Ximenez,Mintoft,xmintoftq@163.com,133.138.189.35
28,Ambros,Slateford,aslatefordr@blogtalkradio.com,238.165.166.202
29,Nadine,Pruce,npruces@marketwatch.com,180.240.218.57
30,Wendell,Pickthall,wpickthallt@feedburner.com,58.92.96.66
31,Lydia,Iwanicki,liwanickiu@bluehost.com,239.32.243.73
32,Darn,Garrad,dgarradv@weather.com,226.164.176.62
33,Broddy,Euplate,beuplatew@businessweek.com,49.79.69.80
34,Tommi,Croci,tcrocix@google.ca,37.128.36.118
35,Franni,Phillcox,fphillcoxy@sina.com.cn,199.85.172.240
36,Simonne,Bene,sbenez@creativecommons.org,246.233.36.22
37,Jeramey,McConnachie,jmcconnachie10@4shared.com,197.56.61.181
38,Oneida,Semrad,osemrad11@google.it,111.67.248.160
39,Austina,Dyte,adyte12@princeton.edu,78.135.80.163
40,Angus,Sheen,asheen13@paginegialle.it,199.156.221.21
41,Johnath,Callam,jcallam14@ucoz.ru,96.132.149.81
42,Flossy,Cluer,fcluer15@harvard.edu,170.7.173.111
43,Alika,Duigan,aduigan16@surveymonkey.com,232.123.131.104
44,Philis,Millett,pmillett17@prnewswire.com,213.199.11.224
45,Anjanette,Wake,awake18@artisteer.com,51.110.250.97
46,Lanie,Matoshin,lmatoshin19@usatoday.com,14.109.108.57
47,Cecil,Steele,csteele1a@csmonitor.com,8.146.210.227
48,Reade,Rustan,rrustan1b@booking.com,86.138.170.148
49,Daune,Waywell,dwaywell1c@economist.com,3.95.217.88
50,Gerome,Pigrome,gpigrome1d@mail.ru,135.5.214.12
51,Deanna,Finnan,dfinnan1e@wikia.com,107.25.5.172
52,Stanislaus,Ugoletti,sugoletti1f@chicagotribune.com,2.195.213.91
53,Leanor,Robers,lrobers1g@mysql.com,195.96.31.49
54,Isac,Huyghe,ihuyghe1h@cafepress.com,137.0.146.169
55,Donetta,Verrico,dverrico1i@diigo.com,113.50.227.209
56,Nye,Eckh,neckh1j@sitemeter.com,147.186.103.129
57,Rory,Janaud,rjanaud1k@psu.edu,206.53.194.216
58,Fionna,Powers,fpowers1l@symantec.com,43.180.34.46
59,Franny,Gert,fgert1m@hud.gov,221.101.131.39
60,Ivar,Henriquet,ihenriquet1n@apple.com,202.60.154.210
61,Carie,Humbey,chumbey1o@virginia.edu,250.177.173.108
62,Britte,Chartman,bchartman1p@merriam-webster.com,188.192.182.128
63,Allys,Armell,aarmell1q@sakura.ne.jp,170.144.39.48
64,Johnette,Haggleton,jhaggleton1r@ycombinator.com,95.223.129.64
65,Booth,O'Mullally,bomullally1s@ucla.edu,235.242.79.211
66,Jeremie,Stalf,jstalf1t@hc360.com,12.2.37.182
67,Hannie,Anstiss,hanstiss1u@soup.io,143.209.122.189
68,Jessey,Piolli,jpiolli1v@xing.com,14.179.243.17
69,Becky,Mungan,bmungan1w@woothemes.com,240.43.186.146
70,Hatty,Pickless,hpickless1x@fastcompany.com,57.49.10.210
71,Raffaello,Yven,ryven1y@cnn.com,77.220.224.20
72,Kaylyn,Dyson,kdyson1z@elpais.com,252.205.87.69
73,Derry,Endon,dendon20@samsung.com,154.221.12.125
74,Deloria,Charlotte,dcharlotte21@arizona.edu,60.177.224.140
75,Horace,Moyler,hmoyler22@earthlink.net,63.75.88.13
76,Graeme,Lawrinson,glawrinson23@about.me,17.243.51.21
77,Molly,Gammidge,mgammidge24@jiathis.com,161.91.32.229
78,Meara,Llewelly,mllewelly25@wired.com,238.250.120.229
79,Davis,Tatershall,dtatershall26@foxnews.com,207.152.99.251
80,Kylen,Timlin,ktimlin27@berkeley.edu,180.47.137.49
81,Simmonds,January,sjanuary28@purevolume.com,222.89.17.90
82,Karola,Plessing,kplessing29@pinterest.com,35.207.138.162
83,Humphrey,Gatley,hgatley2a@eventbrite.com,95.235.104.232
84,Estevan,Sibery,esibery2b@elegantthemes.com,168.165.134.222
85,Ashley,Wildbore,awildbore2c@sbwire.com,86.53.52.181
86,Dorotea,McCaffery,dmccaffery2d@wikispaces.com,230.12.44.186
87,Kenneth,Velasquez,kvelasquez2e@nytimes.com,10.184.66.5
88,Katrina,Grancher,kgrancher2f@google.it,196.206.174.28
89,Dewey,Bearman,dbearman2g@purevolume.com,0.143.48.80
90,Madelene,Snasel,msnasel2h@samsung.com,151.47.57.84
91,Hayes,Chadderton,hchadderton2i@wix.com,30.101.200.206
92,Danita,De Pero,ddepero2j@studiopress.com,163.16.225.33
93,Issiah,Caldaro,icaldaro2k@cocolog-nifty.com,5.172.46.148
94,Skylar,Tremoille,stremoille2l@tamu.edu,33.172.129.231
95,Crosby,Walch,cwalch2m@imdb.com,42.190.83.36
96,Wilburt,Eakle,weakle2n@opensource.org,60.239.174.51
97,Gerianna,Howsan,ghowsan2o@google.ru,223.162.188.8
98,Jessie,Dungate,jdungate2p@qq.com,38.80.90.202
99,Benito,Wadly,bwadly2q@narod.ru,92.34.209.34
100,Conan,Dewett,cdewett2r@wix.com,45.38.219.219
101,Rina,Cowan,rcowan2s@rediff.com,59.17.68.89
102,Frasco,Priden,fpriden2t@dailymail.co.uk,45.70.57.217
103,Kristen,Bettington,kbettington2u@bravesites.com,187.71.1.96
104,Lavina,Bennallck,lbennallck2v@bloglovin.com,214.19.33.6
105,Isabeau,Kubas,ikubas2w@prweb.com,251.9.206.135
106,Remington,Benning,rbenning2x@archive.org,80.117.65.80
107,Millisent,Reinbech,mreinbech2y@webmd.com,97.187.112.226
108,Henrietta,Hayer,hhayer2z@walmart.com,84.18.250.1
109,Dolph,Alred,dalred30@wsj.com,76.50.226.197
110,Sylas,Althrop,salthrop31@hud.gov,134.187.179.113
111,Boycie,Merfin,bmerfin32@wix.com,88.49.125.120
112,Frans,De Mitri,fdemitri33@freewebs.com,255.58.69.174
113,Ingamar,Slegg,islegg34@sphinn.com,145.53.156.177
114,Murial,Patshull,mpatshull35@elegantthemes.com,140.212.75.94
115,Kirbie,Fearnyough,kfearnyough36@ehow.com,217.73.114.73
116,Juliann,Gilvary,jgilvary37@lulu.com,42.164.198.181
117,Jodee,Munnion,jmunnion38@wordpress.com,255.48.44.27
118,Town,Hollibone,thollibone39@thetimes.co.uk,22.89.53.66
119,Heinrick,Hellyar,hhellyar3a@cafepress.com,198.171.135.17
120,Ignaz,Ferney,iferney3b@hubpages.com,173.30.228.107
121,Antonina,Dargue,adargue3c@hatena.ne.jp,199.52.177.130
122,Tommi,Titlow,ttitlow3d@bloglovin.com,241.122.29.171
123,Camille,Todhunter,ctodhunter3e@aboutads.info,103.1.219.2
124,Remus,Rands,rrands3f@soundcloud.com,81.221.107.77
125,Maire,Gilks,mgilks3g@reddit.com,198.15.101.58
126,Gilligan,Junes,gjunes3h@chronoengine.com,174.95.28.78
127,Pasquale,Kittman,pkittman3i@drupal.org,154.174.21.21
128,Shelba,Scalera,sscalera3j@sakura.ne.jp,210.182.122.207
129,Jessika,Karpushkin,jkarpushkin3k@tinypic.com,103.139.149.163
130,Davita,Roblett,droblett3l@fda.gov,13.221.0.131
131,Darell,Velareal,dvelareal3m@comcast.net,248.167.28.191
132,Ade,Constanza,aconstanza3n@va.gov,109.23.132.47
133,Gardner,Ablett,gablett3o@clickbank.net,73.81.184.0
134,Stanleigh,Leggett,sleggett3p@blog.com,251.184.27.89
135,Giralda,Dean,gdean3q@theguardian.com,247.255.188.73
136,Florinda,Bodycombe,fbodycombe3r@fastcompany.com,125.20.166.250
137,Carleton,Dane,cdane3s@fema.gov,8.151.24.196
138,Maddy,Ghidelli,mghidelli3t@answers.com,139.141.170.212
139,Ambrosius,Lyal,alyal3u@pen.io,156.153.206.1
140,Udell,Andree,uandree3v@huffingtonpost.com,65.241.108.24
141,Obidiah,Addenbrooke,oaddenbrooke3w@hhs.gov,182.128.233.35
142,Sonia,Moughton,smoughton3x@over-blog.com,36.82.235.180
143,Ingra,Bulman,ibulman3y@cbc.ca,17.80.187.233
144,Nonna,Draper,ndraper3z@guardian.co.uk,93.194.128.124
145,Jodie,Barby,jbarby40@biglobe.ne.jp,218.147.121.123
146,Alice,Crampin,acrampin41@sfgate.com,109.3.25.231
147,Thaddeus,Tully,ttully42@toplist.cz,158.137.171.230
148,Tiff,Biggam,tbiggam43@cnn.com,251.68.217.47
149,Lemar,O'Curran,locurran44@theatlantic.com,56.94.212.215
150,Melinde,McCullock,mmccullock45@kickstarter.com,145.45.57.103
151,Essa,Vowell,evowell46@weebly.com,217.83.48.252
152,Esma,Stribbling,estribbling47@newsvine.com,239.155.196.31
153,Ardath,Deschlein,adeschlein48@amazon.co.uk,96.44.106.22
154,Pamela,Tilney,ptilney49@cargocollective.com,92.104.96.123
155,Edmund,Lindwasser,elindwasser4a@cocolog-nifty.com,182.175.47.54
156,Sunny,Spiby,sspiby4b@geocities.jp,215.2.26.225
157,Mignon,Arpin,marpin4c@vinaora.com,104.27.68.20
158,Mead,MacLaverty,mmaclaverty4d@kickstarter.com,251.134.136.203
159,Thor,Corton,tcorton4e@usatoday.com,192.1.96.167
160,Dunn,Caban,dcaban4f@photobucket.com,31.227.111.97
161,Ulrike,Gallier,ugallier4g@princeton.edu,16.27.5.139
162,Wilone,Norster,wnorster4h@bluehost.com,219.63.219.54
163,Bessy,Lavis,blavis4i@histats.com,142.249.68.9
164,Reinold,Ranby,rranby4j@seattletimes.com,50.68.114.206
165,Burnaby,Gownge,bgownge4k@census.gov,46.19.132.36
166,Charlie,Malter,cmalter4l@forbes.com,119.235.250.39
167,Cornelia,Lorain,clorain4m@4shared.com,189.182.186.182
168,Tobin,Fairn,tfairn4n@yolasite.com,221.234.30.11
169,Tersina,Augustine,taugustine4o@sina.com.cn,53.133.241.98
170,Barb,Bridgens,bbridgens4p@sogou.com,146.56.113.173
171,Noll,Chirm,nchirm4q@columbia.edu,192.88.245.226
172,Tedd,Dallander,tdallander4r@nifty.com,233.238.203.157
173,Frannie,Cowgill,fcowgill4s@weibo.com,30.225.117.113
174,Doralyn,Flintoff,dflintoff4t@wikipedia.org,4.141.206.131
175,Sharla,Sissons,ssissons4u@ft.com,86.48.91.14
176,Avictor,Hymans,ahymans4v@patch.com,232.48.147.33
177,Weidar,Fley,wfley4w@seattletimes.com,91.174.112.50
178,Wynn,Reary,wreary4x@opensource.org,161.3.18.236
179,Kliment,Gethins,kgethins4y@nymag.com,202.218.0.98
180,Raffarty,Mountford,rmountford4z@ftc.gov,111.6.12.146
181,Sebastian,Ziehms,sziehms50@disqus.com,70.171.151.59
182,Francklin,Castan,fcastan51@wisc.edu,77.236.43.46
183,Lenci,Bissatt,lbissatt52@canalblog.com,85.166.141.207
184,Port,Perrot,pperrot53@github.com,247.246.187.51
185,Rawley,Rime,rrime54@qq.com,240.223.167.100
186,Madison,Shrimpton,mshrimpton55@buzzfeed.com,144.101.20.21
187,Christiana,Kordas,ckordas56@so-net.ne.jp,214.186.250.137
188,Renato,Strathdee,rstrathdee57@etsy.com,66.93.234.214
189,Darcy,Geraudel,dgeraudel58@imageshack.us,81.128.110.157
190,Alard,Laverick,alaverick59@ameblo.jp,194.243.11.114
191,Eleen,Luparto,eluparto5a@latimes.com,3.9.197.48
192,Alfy,Fosbraey,afosbraey5b@pen.io,81.128.201.217
193,Avram,Richemond,arichemond5c@guardian.co.uk,135.1.146.215
194,Lindy,Asche,lasche5d@mozilla.com,167.87.108.48
195,Whitaker,Paszak,wpaszak5e@biblegateway.com,56.11.190.170
196,Perren,Meardon,pmeardon5f@etsy.com,28.150.33.244
197,Felicia,Delort,fdelort5g@gravatar.com,147.2.11.115
198,Bert,Scimone,bscimone5h@jalbum.net,91.150.29.71
199,Elliott,Goodbairn,egoodbairn5i@vk.com,106.226.112.177
200,Marsha,Farenden,mfarenden5j@va.gov,47.43.203.173
201,Caesar,Joules,cjoules5k@psu.edu,2.97.17.208
202,Barri,L' Anglois,blanglois5l@t-online.de,126.250.133.91
203,Cherrita,Seabourne,cseabourne5m@sfgate.com,245.27.184.113
204,Moe,Clotworthy,mclotworthy5n@webnode.com,166.232.58.45
205,Alidia,MacFaul,amacfaul5o@printfriendly.com,209.160.90.141
206,Shawn,Alderwick,salderwick5p@xrea.com,46.151.18.124
207,Willette,Furmston,wfurmston5q@examiner.com,126.168.130.233
208,Chelsea,Peron,cperon5r@hubpages.com,150.43.102.16
209,Onida,Fluin,ofluin5s@si.edu,76.67.252.73
210,Simonette,Tupie,stupie5t@istockphoto.com,164.80.248.111
211,Patsy,Giacobillo,pgiacobillo5u@whitehouse.gov,112.102.109.189
212,Ode,Reinbech,oreinbech5v@w3.org,149.40.224.121
213,Georgi,Clay,gclay5w@europa.eu,12.249.142.176
214,Falito,McDonell,fmcdonell5x@discovery.com,13.58.38.248
215,Vale,Menel,vmenel5y@twitter.com,180.21.108.117
216,Montague,MacEveley,mmaceveley5z@quantcast.com,22.193.194.119
217,Rivy,Witherspoon,rwitherspoon60@cbc.ca,213.148.116.171
218,Chester,Count,ccount61@icq.com,210.142.239.123
219,Mildred,Bravery,mbravery62@paginegialle.it,157.209.129.194
220,Regan,Bullock,rbullock63@ucoz.com,53.147.87.8
221,Krissie,Hullett,khullett64@yolasite.com,29.75.1.212
222,Chas,Watmough,cwatmough65@sogou.com,213.145.175.222
223,Tyrone,Pendlington,tpendlington66@samsung.com,174.123.136.60
224,Mandy,Bamell,mbamell67@biblegateway.com,5.7.135.44
225,Eugen,Creech,ecreech68@goo.gl,82.55.205.207
226,Joceline,Trytsman,jtrytsman69@acquirethisname.com,134.152.130.209
227,Carlotta,Melchior,cmelchior6a@ca.gov,154.194.25.31
228,Jean,Tiebe,jtiebe6b@rediff.com,174.45.254.254
229,Yuma,Orcas,yorcas6c@disqus.com,182.51.12.49
230,Wash,Matskevich,wmatskevich6d@imageshack.us,178.49.87.84
231,Rouvin,Warricker,rwarricker6e@mysql.com,133.43.66.177
232,Prince,Meharg,pmeharg6f@de.vu,28.32.89.137
233,Gwennie,McGillecole,gmcgillecole6g@prnewswire.com,43.77.58.61
234,Bennie,Thelwll,bthelwll6h@google.es,133.112.216.1
235,Debi,Hoggin,dhoggin6i@cyberchimps.com,226.64.211.201
236,Susanna,Robilliard,srobilliard6j@reverbnation.com,160.131.112.251
237,Irene,Foyston,ifoyston6k@twitter.com,249.75.121.43
238,Padriac,Milmore,pmilmore6l@mashable.com,10.232.124.64
239,Claudine,Keirle,ckeirle6m@auda.org.au,210.220.19.97
240,Ivett,Peachey,ipeachey6n@sourceforge.net,22.101.8.220
241,Jerrine,Langcastle,jlangcastle6o@exblog.jp,11.55.139.184
242,Laurie,Scimoni,lscimoni6p@godaddy.com,190.200.61.226
243,Denver,Jaimez,djaimez6q@gov.uk,206.86.109.225
244,Cozmo,Osmon,cosmon6r@toplist.cz,85.68.203.131
245,Augustine,Breffit,abreffit6s@amazon.co.jp,20.179.9.216
246,Carlin,Simek,csimek6t@mashable.com,157.15.44.212
247,Cointon,Venmore,cvenmore6u@google.com,124.251.188.140
248,Bettina,Lawrence,blawrence6v@cafepress.com,91.83.152.22
249,Maximilien,Sailer,msailer6w@de.vu,160.128.138.171
250,Egon,Doyland,edoyland6x@4shared.com,94.219.207.238
251,Scotty,Terrazzo,sterrazzo6y@joomla.org,252.83.103.34
252,Rene,Skippings,rskippings6z@vinaora.com,139.161.102.62
253,Olivia,De Witt,odewitt70@java.com,225.151.71.155
254,Sosanna,Rawlinson,srawlinson71@google.ca,17.35.107.107
255,Devin,Bernetti,dbernetti72@hp.com,62.238.246.96
256,Clayborn,Angerstein,cangerstein73@wordpress.org,237.61.131.241
257,Frederik,Riteley,friteley74@rambler.ru,230.220.162.120
258,Kacie,Allwell,kallwell75@google.de,81.100.155.53
259,Marjorie,Reuther,mreuther76@com.com,74.197.223.85
260,Kym,Oxenbury,koxenbury77@princeton.edu,229.235.123.38
261,Torrie,Baudou,tbaudou78@gravatar.com,209.222.111.248
262,Dolley,Chalkly,dchalkly79@infoseek.co.jp,71.23.28.112
263,Jemmie,Speirs,jspeirs7a@buzzfeed.com,221.47.81.174
264,Gilbertine,Cutsforth,gcutsforth7b@msn.com,89.177.156.92
265,Emmett,Lauritzen,elauritzen7c@irs.gov,21.30.175.48
266,Davina,Guitel,dguitel7d@goodreads.com,240.174.223.75
267,Terrye,Gley,tgley7e@twitpic.com,44.219.112.171
268,Zahara,Le Frank,zlefrank7f@salon.com,122.19.149.144
269,Rene,Maccaddie,rmaccaddie7g@imgur.com,148.181.36.128
270,Clarine,Lockhead,clockhead7h@comsenz.com,234.134.4.61
271,Anjela,Cowins,acowins7i@xrea.com,83.146.165.76
272,Doralynne,Margery,dmargery7j@instagram.com,21.37.168.239
273,Chase,Glas,cglas7k@telegraph.co.uk,181.42.115.154
274,Sonny,Han,shan7l@hao123.com,226.191.208.21
275,De,Cloke,dcloke7m@booking.com,145.114.55.147
276,Mason,Barensky,mbarensky7n@yahoo.com,31.75.228.162
277,Prentiss,Garter,pgarter7o@etsy.com,65.188.103.63
278,Mervin,Richardsson,mrichardsson7p@printfriendly.com,164.171.33.42
279,Kingsly,Domerque,kdomerque7q@huffingtonpost.com,254.95.99.70
280,Everard,Brothwood,ebrothwood7r@thetimes.co.uk,227.134.149.208
281,Walther,Harbert,wharbert7s@addthis.com,213.74.57.214
282,Waring,Southwood,wsouthwood7t@accuweather.com,112.159.206.196
283,Rafael,Olner,rolner7u@example.com,229.19.253.137
284,Gerry,Dougary,gdougary7v@epa.gov,58.193.147.75
285,Nap,Binion,nbinion7w@friendfeed.com,14.156.125.180
286,Raddy,Beards,rbeards7x@jalbum.net,209.41.34.81
287,Misha,Raine,mraine7y@issuu.com,236.71.94.123
288,Matti,Sandlin,msandlin7z@archive.org,170.102.91.224
289,Valeda,Tiffany,vtiffany80@globo.com,12.77.137.241
290,Hoyt,Lovstrom,hlovstrom81@goodreads.com,209.141.246.243
291,Stearn,Cottem,scottem82@spiegel.de,185.162.44.112
292,Laurence,Mouget,lmouget83@hexun.com,113.94.85.84
293,Ladonna,Kleinhandler,lkleinhandler84@slate.com,146.149.25.121
294,Brita,Sturdgess,bsturdgess85@sphinn.com,29.210.70.49
295,Erie,Tregidgo,etregidgo86@mayoclinic.com,150.178.32.172
296,Lydie,Glendzer,lglendzer87@sourceforge.net,197.151.245.1
297,Shellie,Hurleston,shurleston88@samsung.com,137.56.166.214
298,Micheal,Sager,msager89@wisc.edu,165.161.176.238
299,Tommi,Boles,tboles8a@uiuc.edu,159.219.126.114
300,Starlin,Lensch,slensch8b@umich.edu,39.170.8.32
301,Gris,Locks,glocks8c@nationalgeographic.com,116.9.2.64
302,Selene,Blasio,sblasio8d@oracle.com,163.178.46.208
303,Orsola,Birchenough,obirchenough8e@soundcloud.com,148.73.234.0
304,Tim,Van Leeuwen,tvanleeuwen8f@liveinternet.ru,159.146.125.227
305,Florida,Bould,fbould8g@youku.com,189.72.252.162
306,Rebekah,Dwyr,rdwyr8h@mayoclinic.com,173.213.119.252
307,Lind,Picford,lpicford8i@quantcast.com,9.43.117.123
308,Glyn,Balcombe,gbalcombe8j@theatlantic.com,182.187.0.108
309,Gerianna,Grindle,ggrindle8k@parallels.com,81.206.86.192
310,Sofie,Meriet,smeriet8l@twitter.com,185.178.52.113
311,Nellie,Limpkin,nlimpkin8m@blog.com,206.23.240.173
312,Giselle,Vines,gvines8n@google.nl,55.121.244.60
313,Marcus,Ryce,mryce8o@marriott.com,192.39.191.135
314,Sig,Lamden,slamden8p@vkontakte.ru,60.83.239.172
315,Pearla,Presslee,ppresslee8q@slashdot.org,102.54.200.111
316,Jeanie,Chasteau,jchasteau8r@dagondesign.com,197.163.53.126
317,Baron,Truscott,btruscott8s@bluehost.com,230.60.121.2
318,Peder,Goalley,pgoalley8t@comcast.net,144.67.239.194
319,Nanine,Sterndale,nsterndale8u@timesonline.co.uk,66.248.19.240
320,Koressa,Christofides,kchristofides8v@seattletimes.com,246.118.124.224
321,Jud,Drescher,jdrescher8w@google.cn,108.237.137.51
322,Morgan,Prichet,mprichet8x@shinystat.com,17.101.135.119
323,Nance,Hugonneau,nhugonneau8y@google.nl,161.190.90.236
324,Ellie,Kynder,ekynder8z@bluehost.com,157.63.30.104
325,Cristen,Ping,cping90@omniture.com,127.90.81.79
326,Cece,Joslin,cjoslin91@dropbox.com,225.159.49.27
327,Hedi,Ceschelli,hceschelli92@miibeian.gov.cn,223.144.190.193
328,Eduardo,Brisland,ebrisland93@gizmodo.com,8.78.7.29
329,Loleta,Clarey,lclarey94@purevolume.com,170.77.132.164
330,Ingram,Schutze,ischutze95@google.it,234.175.183.84
331,York,Onion,yonion96@posterous.com,176.140.4.149
332,Rafi,Diaper,rdiaper97@google.es,232.109.56.125
333,Myrlene,McIlwrath,mmcilwrath98@geocities.jp,173.213.31.205
334,Wallas,Verdon,wverdon99@narod.ru,108.136.255.227
335,Maddie,Langmuir,mlangmuir9a@usda.gov,60.8.177.176
336,Whitaker,Lordon,wlordon9b@bbc.co.uk,64.2.137.2
337,Jessalin,Northey,jnorthey9c@wunderground.com,107.236.20.37
338,Garland,Wooster,gwooster9d@acquirethisname.com,89.243.87.126
339,Delphine,Torald,dtorald9e@clickbank.net,184.136.126.188
340,Ellis,Croisdall,ecroisdall9f@com.com,62.70.108.76
341,Konstance,Evers,kevers9g@samsung.com,22.43.247.75
342,Ferdie,Garrettson,fgarrettson9h@dailymotion.com,227.225.93.91
343,Amandy,Pidgley,apidgley9i@stumbleupon.com,177.156.7.159
344,Fitzgerald,Isley,fisley9j@barnesandnoble.com,195.49.30.46
345,Gualterio,Raitie,graitie9k@dion.ne.jp,140.171.53.201
346,Goraud,Eggar,geggar9l@slideshare.net,207.62.254.31
347,Artur,Tomkin,atomkin9m@webmd.com,98.204.246.45
348,Anabal,Clarricoates,aclarricoates9n@feedburner.com,219.113.115.206
349,Selina,Izacenko,sizacenko9o@dagondesign.com,33.14.195.109
350,Wendie,Faloon,wfaloon9p@themeforest.net,16.117.73.42
351,Nora,Di Gregorio,ndigregorio9q@oracle.com,75.201.2.236
352,Adolph,Stickford,astickford9r@last.fm,143.166.12.195
353,Gwenni,Kingsnorth,gkingsnorth9s@instagram.com,113.141.146.54
354,Merla,Romao,mromao9t@state.tx.us,90.104.247.120
355,Julietta,Gergely,jgergely9u@diigo.com,75.193.8.174
356,Ilise,Grey,igrey9v@shop-pro.jp,97.20.101.68
357,Gene,Standen,gstanden9w@ezinearticles.com,209.74.187.136
358,Halie,Charrington,hcharrington9x@fda.gov,199.72.119.128
359,Jermaine,Hallworth,jhallworth9y@jiathis.com,3.95.125.246
360,Elizabeth,Standall,estandall9z@boston.com,164.2.67.96
361,Iorgos,Twydell,itwydella0@hao123.com,214.115.183.111
362,Lucinda,Vonderdell,lvonderdella1@unicef.org,128.60.226.112
363,Arlette,Cookson,acooksona2@upenn.edu,193.106.25.67
364,Reinold,Curgenuer,rcurgenuera3@samsung.com,137.113.48.61
365,Henri,Aldwich,haldwicha4@deliciousdays.com,106.156.117.228
366,Constance,Hizir,chizira5@sun.com,203.114.31.94
367,Devondra,Szymaniak,dszymaniaka6@dmoz.org,93.69.3.248
368,Kaleb,Hannigan,khannigana7@github.com,52.102.81.56
369,Maynard,Howsin,mhowsina8@sciencedaily.com,128.156.158.44
370,Cedric,Mew,cmewa9@webmd.com,30.227.141.110
371,Anet,Kyles,akylesaa@cbsnews.com,177.214.111.180
372,Gil,Ather,gatherab@smh.com.au,58.50.15.196
373,Moishe,Marages,mmaragesac@imageshack.us,88.244.240.254
374,Dalia,Elfleet,delfleetad@unc.edu,11.72.141.145
375,Benito,Hotson,bhotsonae@networksolutions.com,191.248.142.127
376,Fionnula,Stitwell,fstitwellaf@surveymonkey.com,47.75.81.44
377,Valentine,Pirri,vpirriag@jugem.jp,170.104.166.6
378,Prisca,Kline,pklineah@unblog.fr,174.161.42.160
379,Bertie,Bussens,bbussensai@buzzfeed.com,42.44.164.118
380,Lorin,Brookshaw,lbrookshawaj@liveinternet.ru,244.234.69.57
381,Gibb,Stolworthy,gstolworthyak@ucsd.edu,78.97.149.202
382,Cloe,Keatley,ckeatleyal@cnet.com,101.208.71.47
383,Jacinthe,Gaitskill,jgaitskillam@sogou.com,145.211.203.144
384,Alia,Eaton,aeatonan@amazonaws.com,45.131.158.179
385,Bianca,Byne,bbyneao@myspace.com,177.225.98.211
386,Yoshiko,Galvin,ygalvinap@europa.eu,140.237.86.126
387,Nataniel,Ridoutt,nridouttaq@netlog.com,232.154.121.6
388,Ursuline,Kirgan,ukirganar@bloglovin.com,170.109.111.127
389,Albert,Mailes,amailesas@si.edu,161.51.35.253
390,Karney,MacMenamy,kmacmenamyat@gnu.org,137.227.29.77
391,Pietrek,Canet,pcanetau@gov.uk,119.20.29.201
392,Daphene,Selkirk,dselkirkav@acquirethisname.com,12.113.36.167
393,Sylvester,Furby,sfurbyaw@upenn.edu,220.11.237.188
394,Maiga,Borwick,mborwickax@constantcontact.com,88.120.194.38
395,Erich,McShirie,emcshirieay@last.fm,66.32.63.4
396,Blair,Starbucke,bstarbuckeaz@xrea.com,161.97.245.167
397,Hector,Carey,hcareyb0@google.de,107.168.128.214
398,Chester,Macy,cmacyb1@wordpress.com,78.162.18.149
399,Sayer,Mc Ilwrick,smcilwrickb2@pcworld.com,129.248.149.75
400,Jermaine,Stutter,jstutterb3@toplist.cz,118.58.187.130
401,Dicky,Tewelson,dtewelsonb4@indiatimes.com,176.52.167.87
402,Mollie,Weekland,mweeklandb5@yandex.ru,221.11.25.158
403,Mahala,McKie,mmckieb6@hibu.com,240.200.176.162
404,Balduin,Corro,bcorrob7@cpanel.net,4.52.110.120
405,Sherlocke,Capron,scapronb8@nyu.edu,132.15.164.40
406,Zonda,Minmagh,zminmaghb9@meetup.com,62.157.202.152
407,Robbin,Izatt,rizattba@jigsy.com,27.220.27.127
408,Gael,Barti,gbartibb@stumbleupon.com,107.62.234.160
409,Almeta,MacKeller,amackellerbc@nps.gov,43.233.218.165
410,Rosetta,Zecchinii,rzecchiniibd@wunderground.com,144.87.50.125
411,Guglielmo,Tighe,gtighebe@miitbeian.gov.cn,57.184.56.123
412,Alford,Lighterness,alighternessbf@tinypic.com,178.229.103.85
413,Lolly,Ondricek,londricekbg@senate.gov,18.168.138.190
414,Shanna,Chester,schesterbh@toplist.cz,120.57.4.176
415,Davidson,Jimes,djimesbi@dot.gov,61.246.52.6
416,Mae,Pappin,mpappinbj@boston.com,84.83.222.224
417,Archie,Moulding,amouldingbk@time.com,17.214.125.11
418,Shae,O' Molan,somolanbl@upenn.edu,174.208.225.235
419,Bethena,Rault,braultbm@123-reg.co.uk,206.76.92.103
420,Annecorinne,Betty,abettybn@discovery.com,94.123.27.92
421,Krishna,Grewes,kgrewesbo@printfriendly.com,32.160.23.67
422,Alidia,Laise,alaisebp@vinaora.com,189.243.55.247
423,Starlene,Kitchen,skitchenbq@cbslocal.com,10.5.151.27
424,Kerry,Livett,klivettbr@diigo.com,25.86.141.252
425,Marcia,McInility,mmcinilitybs@ycombinator.com,122.143.201.78
426,Silvana,Wintersgill,swintersgillbt@google.com.au,209.72.97.174
427,Inesita,Kollasch,ikollaschbu@fc2.com,9.217.209.213
428,Niles,Weyman,nweymanbv@statcounter.com,158.136.46.133
429,Alvira,Basindale,abasindalebw@princeton.edu,115.227.235.179
430,Aurel,Salterne,asalternebx@stanford.edu,110.80.24.219
431,Gonzalo,Long,glongby@washingtonpost.com,242.28.184.86
432,Amalee,Surgen,asurgenbz@tuttocitta.it,183.218.83.36
433,Jeramey,Orleton,jorletonc0@biblegateway.com,123.195.194.21
434,Terrance,Beck,tbeckc1@nytimes.com,44.198.223.21
435,Lissie,Diloway,ldilowayc2@comcast.net,117.45.100.74
436,Tally,Hiers,thiersc3@cargocollective.com,8.19.24.123
437,Malcolm,Thrustle,mthrustlec4@netlog.com,196.11.118.162
438,Verina,Berdale,vberdalec5@mediafire.com,185.221.41.187
439,Salmon,Otto,sottoc6@pen.io,131.108.137.27
440,Craig,Stockings,cstockingsc7@state.gov,97.153.47.215
441,Sebastien,Lugsdin,slugsdinc8@artisteer.com,8.89.34.209
442,Clareta,McQuade,cmcquadec9@live.com,242.130.78.113
443,Margette,Fidal,mfidalca@illinois.edu,255.244.64.232
444,Danny,Halworth,dhalworthcb@github.io,242.68.7.99
445,Jayne,Sergison,jsergisoncc@sun.com,30.191.51.93
446,Herbert,Marshland,hmarshlandcd@salon.com,134.166.144.55
447,Norina,Torregiani,ntorregianice@japanpost.jp,49.13.221.178
448,Doll,O'Hanley,dohanleycf@sfgate.com,116.5.165.59
449,Lanie,Elstub,lelstubcg@mit.edu,193.83.188.23
450,Algernon,Belamy,abelamych@yellowpages.com,120.55.180.82
451,Wilfrid,Curuclis,wcuruclisci@soup.io,39.207.206.240
452,Maurizio,Baitman,mbaitmancj@meetup.com,3.68.187.36
453,Florance,Beale,fbealeck@google.com.au,178.159.98.208
454,Alana,Neame,aneamecl@unesco.org,187.163.169.55
455,Minta,Robken,mrobkencm@ovh.net,221.191.68.131
456,Solly,Symms,ssymmscn@nbcnews.com,210.49.165.146
457,Horatio,Tollfree,htollfreeco@theglobeandmail.com,112.125.130.122
458,Mallory,Routley,mroutleycp@joomla.org,53.165.232.24
459,Nikolas,Tillett,ntillettcq@ning.com,186.108.247.117
460,Mei,Kernan,mkernancr@mail.ru,123.204.74.66
461,Stuart,Heinsh,sheinshcs@free.fr,187.248.62.87
462,Sibbie,Droghan,sdroghanct@toplist.cz,47.8.45.7
463,Ray,Pudsey,rpudseycu@spotify.com,76.237.201.58
464,Bale,Shellard,bshellardcv@sina.com.cn,110.13.192.51
465,Michele,Cuningham,mcuninghamcw@360.cn,39.174.83.101
466,Kerrie,Kneebone,kkneebonecx@google.com.hk,210.108.201.92
467,Lorenzo,Gwillym,lgwillymcy@who.int,123.117.169.33
468,Faun,Hughson,fhughsoncz@yolasite.com,161.108.6.232
469,Nester,Patise,npatised0@bing.com,29.66.252.87
470,Georgeanna,Wermerling,gwermerlingd1@comsenz.com,207.70.32.180
471,Louie,MacKenny,lmackennyd2@dagondesign.com,87.7.150.124
472,Van,Burchell,vburchelld3@globo.com,96.111.72.227
473,Aeriela,Konrad,akonradd4@posterous.com,93.17.253.157
474,Bronson,Dallicott,bdallicottd5@indiatimes.com,157.237.171.239
475,Orelie,Bassil,obassild6@hatena.ne.jp,146.205.4.159
476,Betteann,Fidelli,bfidellid7@dell.com,100.141.206.153
477,Neel,Gethins,ngethinsd8@woothemes.com,35.231.236.67
478,Dennis,Beaconsall,dbeaconsalld9@github.com,195.244.63.223
479,Aimil,Taylder,ataylderda@buzzfeed.com,66.121.77.176
480,Modesta,Batalle,mbatalledb@weebly.com,29.22.71.41
481,Amanda,Sanney,asanneydc@google.es,20.230.14.155
482,Olympe,Gillingwater,ogillingwaterdd@nba.com,0.69.176.186
483,Pammie,Brickdale,pbrickdalede@earthlink.net,226.36.52.133
484,Kristian,Lindfors,klindforsdf@theatlantic.com,34.205.209.131
485,Morry,Hanny,mhannydg@hao123.com,223.53.38.116
486,Ernaline,Florez,eflorezdh@senate.gov,168.205.52.88
487,Solly,O'Growgane,sogrowganedi@delicious.com,56.30.252.176
488,Emelen,Timlin,etimlindj@netvibes.com,2.168.213.96
489,Rosy,Tarbox,rtarboxdk@yahoo.com,212.236.244.135
490,Hilly,Hartley,hhartleydl@i2i.jp,249.249.241.211
491,Stillmann,Claibourn,sclaibourndm@123-reg.co.uk,135.147.170.110
492,Wynn,Gun,wgundn@yahoo.co.jp,156.5.193.5
493,Chandra,Mews,cmewsdo@ft.com,162.216.219.67
494,Valerye,Blodgett,vblodgettdp@tinyurl.com,248.188.235.135
495,Torrin,Putley,tputleydq@smh.com.au,14.252.54.132
496,Brewster,Cargo,bcargodr@ebay.com,233.161.38.232
497,Melonie,Paddell,mpaddellds@nhs.uk,79.239.120.225
498,Querida,Hastie,qhastiedt@jimdo.com,63.40.201.53
499,Durand,Muggach,dmuggachdu@ucoz.ru,176.57.155.8
500,Anya,Lyall,alyalldv@fastcompany.com,101.231.13.141
501,Zeke,Stokoe,zstokoedw@mapy.cz,111.13.39.209
502,Nevile,Kilner,nkilnerdx@who.int,4.117.25.211
503,Megen,Di Franceshci,mdifranceshcidy@indiatimes.com,66.90.77.236
504,Raphaela,Pendrid,rpendriddz@nasa.gov,84.115.254.134
505,Aaron,Blankman,ablankmane0@about.me,232.152.161.189
506,Lauren,Loverock,lloverocke1@unesco.org,119.158.172.153
507,Murdoch,Beharrell,mbeharrelle2@washington.edu,42.41.12.112
508,Nicola,Dodgshun,ndodgshune3@parallels.com,1.48.137.151
509,Eadith,Burds,eburdse4@youku.com,137.26.184.35
510,Alena,Belfitt,abelfitte5@elpais.com,56.14.72.92
511,Livvy,Tempest,ltempeste6@boston.com,25.86.122.3
512,Rutherford,Peddowe,rpeddowee7@npr.org,230.1.72.65
513,Belinda,Gleed,bgleede8@mozilla.org,60.131.191.194
514,Theressa,Hillaby,thillabye9@pagesperso-orange.fr,175.200.126.243
515,Micheal,Maunders,mmaundersea@shinystat.com,187.43.227.23
516,Garrek,Vasilyev,gvasilyeveb@bbc.co.uk,198.12.187.136
517,Willyt,Jewel,wjewelec@ted.com,188.68.108.101
518,De witt,Raybould,drayboulded@github.io,156.41.205.109
519,Tori,Troillet,ttroilletee@thetimes.co.uk,18.128.31.137
520,Mozes,Croxall,mcroxallef@yellowbook.com,11.243.124.76
521,Junette,Hymers,jhymerseg@hubpages.com,130.176.232.8
522,Rog,Kienzle,rkienzleeh@eventbrite.com,77.106.111.177
523,Louisette,Cordner,lcordnerei@mysql.com,109.49.143.20
524,Fenelia,Battershall,fbattershallej@eventbrite.com,83.224.180.94
525,Adore,Treffry,atreffryek@woothemes.com,5.105.184.12
526,Frederick,Proud,fproudel@amazon.de,71.111.198.64
527,Elysia,Keenleyside,ekeenleysideem@arstechnica.com,66.130.181.121
528,Gusta,Gilbride,ggilbrideen@aol.com,184.174.222.225
529,Goldarina,Friedenbach,gfriedenbacheo@deviantart.com,114.252.165.55
530,Kattie,Downgate,kdowngateep@liveinternet.ru,8.134.77.34
531,Beulah,Hamley,bhamleyeq@prnewswire.com,135.147.228.175
532,Manuel,Ingerith,mingerither@jalbum.net,126.165.85.162
533,Ulick,de Clercq,udeclercqes@samsung.com,212.143.240.247
534,Ashleigh,Adhams,aadhamset@umich.edu,223.105.212.139
535,Morly,Burchmore,mburchmoreeu@gmpg.org,179.2.20.153
536,Vivian,Domoni,vdomoniev@naver.com,0.192.114.168
537,Baldwin,Tuft,btuftew@msu.edu,206.110.77.255
538,Monique,Gourley,mgourleyex@smh.com.au,152.15.75.125
539,Celinka,Doncom,cdoncomey@mysql.com,205.236.161.177
540,Heriberto,Klee,hkleeez@ucoz.ru,136.133.9.135
541,Adriaens,Antoniewski,aantoniewskif0@craigslist.org,151.21.121.111
542,Peggy,Betts,pbettsf1@wikia.com,22.255.67.118
543,Thacher,Franks,tfranksf2@samsung.com,36.233.245.244
544,Winifred,Bywater,wbywaterf3@tamu.edu,225.150.163.42
545,Lavinie,Arnaudet,larnaudetf4@ihg.com,151.213.73.6
546,Beauregard,Parr,bparrf5@yolasite.com,204.207.217.19
547,Vikky,Robrow,vrobrowf6@etsy.com,151.236.169.98
548,Torey,Peert,tpeertf7@dell.com,244.183.72.242
549,Evyn,Aikin,eaikinf8@weebly.com,10.58.140.8
550,Austin,Amar,aamarf9@businessweek.com,201.240.47.167
551,Zsa zsa,Knowling,zknowlingfa@xinhuanet.com,251.55.214.38
552,Sybil,Barkway,sbarkwayfb@apple.com,83.156.243.177
553,Marcela,Korba,mkorbafc@pcworld.com,207.102.231.32
554,Valli,Coaster,vcoasterfd@purevolume.com,220.5.210.237
555,Miguelita,Rowley,mrowleyfe@hhs.gov,178.93.8.198
556,Analise,Croisier,acroisierff@ning.com,110.212.51.62
557,Nyssa,Beamish,nbeamishfg@parallels.com,74.34.165.127
558,Julita,Bleeze,jbleezefh@symantec.com,153.247.48.89
559,Robin,Kynman,rkynmanfi@baidu.com,44.135.90.29
560,Sybilla,Rilton,sriltonfj@dell.com,248.76.55.65
561,Layla,Grammer,lgrammerfk@digg.com,50.255.67.234
562,Isis,Eggins,iegginsfl@twitter.com,183.39.43.52
563,Norma,Starton,nstartonfm@ox.ac.uk,48.164.152.197
564,Michale,Spalton,mspaltonfn@ox.ac.uk,3.148.217.74
565,Rochell,Pierro,rpierrofo@123-reg.co.uk,32.117.74.103
566,Cyb,Longo,clongofp@mapy.cz,155.35.143.165
567,Hercules,Jacobsohn,hjacobsohnfq@php.net,114.156.182.152
568,Nikki,MacChaell,nmacchaellfr@google.co.jp,12.123.151.243
569,Lesli,Covey,lcoveyfs@epa.gov,115.172.77.28
570,Charlie,Rudall,crudallft@oakley.com,160.18.189.73
571,Ofilia,Ebbers,oebbersfu@wisc.edu,191.221.189.42
572,Gillie,Breadon,gbreadonfv@bing.com,55.45.0.244
573,Avram,Stitle,astitlefw@go.com,223.229.94.198
574,Maurice,Ballance,mballancefx@nps.gov,131.241.137.44
575,Hartley,Giacomo,hgiacomofy@icq.com,147.5.205.111
576,Erroll,Mogford,emogfordfz@fotki.com,47.46.130.16
577,Ly,Dehn,ldehng0@sfgate.com,23.229.242.5
578,Philipa,Burbridge,pburbridgeg1@altervista.org,105.110.40.137
579,Martguerita,Vynarde,mvynardeg2@bbc.co.uk,213.53.252.5
580,Minne,Lumsdale,mlumsdaleg3@wikia.com,10.221.159.158
581,Walliw,Farry,wfarryg4@smugmug.com,195.245.161.108
582,Pierson,Pumfrey,ppumfreyg5@yelp.com,68.150.85.19
583,Neville,Leadstone,nleadstoneg6@chicagotribune.com,72.136.10.227
584,Jehanna,Farrans,jfarransg7@nature.com,168.198.212.202
585,Channa,Bowditch,cbowditchg8@weather.com,160.27.108.202
586,Robby,Dumigan,rdumigang9@berkeley.edu,158.170.41.184
587,Brnaby,Claiton,bclaitonga@creativecommons.org,161.106.10.4
588,Henrietta,Medford,hmedfordgb@apache.org,36.141.83.236
589,Jonah,Muscott,jmuscottgc@issuu.com,136.63.177.46
590,Barnabe,Chatelain,bchatelaingd@w3.org,76.38.150.8
591,Melly,O'Deegan,modeegange@w3.org,238.99.146.209
592,Tam,Chatwood,tchatwoodgf@oracle.com,62.233.163.81
593,Clio,Swainsbury,cswainsburygg@mtv.com,198.15.102.84
594,Leisha,Gammage,lgammagegh@soundcloud.com,53.129.26.21
595,Jeremy,Learned,jlearnedgi@flickr.com,170.153.225.208
596,Audrye,Kilgour,akilgourgj@tiny.cc,124.123.148.187
597,Oates,Benjafield,obenjafieldgk@fema.gov,187.19.129.237
598,Viola,Edens,vedensgl@angelfire.com,195.116.181.216
599,Kevon,Noke,knokegm@discuz.net,46.82.146.96
600,Bebe,Kenworthey,bkenwortheygn@umn.edu,249.243.227.176
601,Lyndsey,Coughtrey,lcoughtreygo@wired.com,42.179.226.205
602,Artemis,Waything,awaythinggp@bbc.co.uk,40.215.139.124
603,Perrine,Lindfors,plindforsgq@bloglines.com,76.233.95.191
604,Lois,Marde,lmardegr@people.com.cn,191.184.108.16
605,Gaye,Gelsthorpe,ggelsthorpegs@apache.org,65.16.18.210
606,Kris,Fellini,kfellinigt@berkeley.edu,205.57.130.44
607,Adolpho,Kitson,akitsongu@reuters.com,112.173.188.11
608,Maurizia,Snoxell,msnoxellgv@hibu.com,202.241.239.74
609,Gilli,Juden,gjudengw@naver.com,253.90.60.73
610,Town,Shillabear,tshillabeargx@odnoklassniki.ru,101.206.218.155
611,Egon,Dinnage,edinnagegy@sciencedirect.com,143.54.0.122
612,Vonni,Choulerton,vchoulertongz@1688.com,207.253.70.190
613,Lucius,Tampin,ltampinh0@nationalgeographic.com,215.1.5.200
614,Andromache,Lighton,alightonh1@google.com,96.125.56.18
615,Maggee,McIlwraith,mmcilwraithh2@facebook.com,186.64.245.252
616,Madelle,Rainard,mrainardh3@baidu.com,101.23.197.251
617,Gwenette,Stribbling,gstribblingh4@adobe.com,243.217.137.29
618,Melli,Treasure,mtreasureh5@example.com,228.60.36.11
619,Jehu,Maudlen,jmaudlenh6@rediff.com,44.35.143.245
620,Nikaniki,Springett,nspringetth7@canalblog.com,140.234.237.222
621,Paxton,Dust,pdusth8@csmonitor.com,225.210.69.177
622,Anthea,Helks,ahelksh9@toplist.cz,247.50.67.78
623,Madel,Beardshaw,mbeardshawha@sakura.ne.jp,186.52.87.226
624,Kaela,Trowbridge,ktrowbridgehb@diigo.com,205.138.225.139
625,Addison,Balchen,abalchenhc@bloglovin.com,92.116.141.219
626,Brianne,Griffith,bgriffithhd@upenn.edu,220.84.54.39
627,Elita,Tingley,etingleyhe@about.me,177.195.152.159
628,Elset,Oxshott,eoxshotthf@seesaa.net,81.171.231.76
629,Raimundo,Jeacocke,rjeacockehg@live.com,77.45.91.164
630,Rutter,Hurrell,rhurrellhh@ebay.co.uk,227.173.69.103
631,Weylin,Arnhold,warnholdhi@google.nl,159.109.164.43
632,Clarita,Grinishin,cgrinishinhj@bravesites.com,205.137.55.233
633,Selena,Iskower,siskowerhk@addtoany.com,91.120.164.81
634,Stephine,Corben,scorbenhl@pen.io,61.17.113.139
635,Nathalia,Castel,ncastelhm@mac.com,125.176.182.180
636,Ellerey,Fenby,efenbyhn@a8.net,133.132.197.254
637,Annelise,McLugaish,amclugaishho@163.com,224.16.3.98
638,Debora,Critchell,dcritchellhp@yandex.ru,136.89.202.229
639,Florance,McCormack,fmccormackhq@mozilla.com,29.36.208.49
640,Edwina,Cunah,ecunahhr@booking.com,114.74.220.194
641,Collete,Sellen,csellenhs@bloglines.com,51.255.127.47
642,Mavis,Knappitt,mknappittht@dropbox.com,48.59.196.142
643,Marthena,Chismon,mchismonhu@washington.edu,148.206.137.82
644,Edy,Austwick,eaustwickhv@ibm.com,103.32.92.191
645,Cam,Phin,cphinhw@addtoany.com,26.54.196.160
646,Britt,Wye,bwyehx@163.com,23.108.70.178
647,Kimble,Thunder,kthunderhy@cbslocal.com,94.154.174.230
648,Colly,Childerley,cchilderleyhz@cnbc.com,0.108.157.76
649,Eveline,Scoble,escoblei0@mail.ru,31.124.118.126
650,Scotty,Midghall,smidghalli1@globo.com,223.233.107.239
651,Carole,Dalla,cdallai2@goodreads.com,201.38.112.114
652,Morlee,Sheryne,msherynei3@geocities.jp,61.193.12.201
653,Lorry,Vargas,lvargasi4@google.cn,111.86.24.101
654,Rori,Hammand,rhammandi5@wired.com,44.225.13.215
655,Myranda,Dunniom,mdunniomi6@wikispaces.com,48.130.5.139
656,Penrod,Puden,ppudeni7@virginia.edu,253.121.86.59
657,Andreana,Monteith,amonteithi8@amazon.co.uk,250.180.201.164
658,Knox,Crop,kcropi9@wp.com,166.17.12.75
659,Clemence,Mineghelli,cmineghelliia@japanpost.jp,203.215.2.161
660,Donna,McGillivray,dmcgillivrayib@huffingtonpost.com,139.147.173.128
661,Janey,Ledram,jledramic@bandcamp.com,252.89.85.142
662,Eal,Hugo,ehugoid@dell.com,169.228.161.193
663,Onfre,Dark,odarkie@yahoo.co.jp,130.171.141.75
664,Clay,Wyllt,cwylltif@accuweather.com,211.119.41.193
665,Lockwood,Gregory,lgregoryig@about.me,115.98.77.134
666,Belva,Shaul,bshaulih@sphinn.com,154.155.83.183
667,Leigh,Blueman,lbluemanii@oakley.com,170.15.67.118
668,Tricia,Leachman,tleachmanij@examiner.com,166.141.75.240
669,Vikki,Murdie,vmurdieik@blogs.com,130.237.226.210
670,Terrill,Strachan,tstrachanil@japanpost.jp,117.88.139.150
671,Abba,Caldayrou,acaldayrouim@smugmug.com,213.227.171.103
672,Renate,Sarson,rsarsonin@google.ru,48.111.142.92
673,Dela,Tandy,dtandyio@twitpic.com,147.78.212.22
674,Desdemona,Biagi,dbiagiip@free.fr,223.111.213.203
675,Carmel,Tremblay,ctremblayiq@so-net.ne.jp,57.111.177.24
676,Cindra,Dineges,cdinegesir@pbs.org,117.74.78.88
677,Melvin,Rappport,mrappportis@wisc.edu,120.9.214.139
678,Rayna,Blackaller,rblackallerit@paginegialle.it,24.174.197.98
679,Ardelia,Grelak,agrelakiu@cam.ac.uk,205.108.71.20
680,Klara,Knewstub,kknewstubiv@infoseek.co.jp,206.184.111.252
681,Lezlie,Creber,lcreberiw@geocities.com,252.207.29.161
682,Florry,Rasch,fraschix@zdnet.com,127.143.92.131
683,Vivian,Dobel,vdobeliy@theatlantic.com,152.152.235.48
684,Jarrod,Bertin,jbertiniz@dailymail.co.uk,186.17.188.175
685,Welby,Gallie,wgalliej0@people.com.cn,67.67.83.32
686,Raddie,Element,relementj1@friendfeed.com,195.205.75.179
687,Shawna,Haukey,shaukeyj2@cafepress.com,238.96.147.176
688,Bradly,Kolczynski,bkolczynskij3@elpais.com,117.166.155.61
689,Manon,McIlhagga,mmcilhaggaj4@purevolume.com,187.214.33.97
690,Ruprecht,Slite,rslitej5@google.ca,46.130.110.1
691,Alvinia,Laurenson,alaurensonj6@gmpg.org,229.237.227.202
692,Karylin,Gauntlett,kgauntlettj7@abc.net.au,55.99.51.57
693,Malvin,Jugging,mjuggingj8@goodreads.com,11.116.212.177
694,Brantley,Topling,btoplingj9@ifeng.com,232.221.146.208
695,Immanuel,Tibbles,itibblesja@independent.co.uk,58.62.216.185
696,Rodrique,Lukianov,rlukianovjb@auda.org.au,215.248.143.93
697,Dee dee,Ellyatt,dellyattjc@sakura.ne.jp,0.131.53.56
698,Stanly,Donnell,sdonnelljd@twitter.com,0.146.201.221
699,Dorena,Whal,dwhalje@wordpress.org,8.162.102.109
700,Mayor,McGenn,mmcgennjf@icq.com,202.110.169.15
701,Linoel,O'Duggan,lodugganjg@apache.org,133.173.220.190
702,Regine,Elvey,relveyjh@netscape.com,24.168.21.70
703,Eveleen,Abel,eabelji@adobe.com,5.212.70.243
704,Balduin,Wallege,bwallegejj@amazon.co.jp,245.243.186.126
705,Quinton,Laterza,qlaterzajk@1688.com,234.239.10.33
706,Bernhard,Lingwood,blingwoodjl@ted.com,65.184.191.142
707,Ronni,Drains,rdrainsjm@google.fr,241.183.224.47
708,Griffin,Lantoph,glantophjn@macromedia.com,134.241.227.126
709,Sebastiano,Scotchmoor,sscotchmoorjo@privacy.gov.au,103.230.69.124
710,Lucia,Bernardt,lbernardtjp@trellian.com,123.15.49.67
711,Karlik,Kestin,kkestinjq@deviantart.com,93.11.214.140
712,Abbott,Olennikov,aolennikovjr@mediafire.com,112.152.21.41
713,Lazar,Aylett,laylettjs@pinterest.com,224.59.17.183
714,Jere,Tallowin,jtallowinjt@sciencedaily.com,237.26.112.48
715,Enrika,Mazzeo,emazzeoju@upenn.edu,136.51.241.80
716,Pernell,Shubotham,pshubothamjv@patch.com,193.180.113.15
717,Devin,Winfield,dwinfieldjw@wikia.com,45.155.66.123
718,Alena,Toone,atoonejx@go.com,109.67.70.208
719,Nadine,Joron,njoronjy@chron.com,80.65.25.95
720,Archibaldo,Broyd,abroydjz@quantcast.com,177.91.230.219
721,Dolores,Pellew,dpellewk0@huffingtonpost.com,25.240.206.217
722,Laird,Chapier,lchapierk1@goo.ne.jp,200.2.3.220
723,Page,O' Dornan,podornank2@vimeo.com,128.29.14.188
724,Shelley,Spracklin,sspracklink3@house.gov,59.218.55.186
725,Domeniga,Riply,driplyk4@trellian.com,48.213.46.129
726,Clayton,Bande,cbandek5@prweb.com,155.34.24.178
727,Oliy,Wardhough,owardhoughk6@narod.ru,53.53.16.197
728,Jacky,Siddon,jsiddonk7@histats.com,209.191.12.69
729,Sonny,Ruf,srufk8@prweb.com,55.228.48.142
730,Jenny,Wodham,jwodhamk9@scientificamerican.com,65.2.31.241
731,Ario,Tombleson,atomblesonka@chron.com,113.255.197.241
732,Corry,Bodicum,cbodicumkb@ox.ac.uk,153.25.228.105
733,Althea,Livick,alivickkc@cnbc.com,30.58.199.238
734,Kania,Ebbrell,kebbrellkd@umn.edu,58.250.0.27
735,Paten,Lumly,plumlyke@nasa.gov,253.182.60.192
736,Emmye,Husher,ehusherkf@pen.io,9.248.82.201
737,Leonora,Carnson,lcarnsonkg@sourceforge.net,163.110.136.243
738,Kinsley,Chasteau,kchasteaukh@walmart.com,62.96.156.84
739,Maurise,Dabel,mdabelki@taobao.com,189.208.118.104
740,Marice,Kinghorne,mkinghornekj@youku.com,53.46.242.8
741,Lebbie,Posnette,lposnettekk@sbwire.com,234.84.2.133
742,Ranee,Kittoe,rkittoekl@angelfire.com,120.128.36.57
743,Wain,Hugk,whugkkm@disqus.com,165.6.217.14
744,Mile,Engledow,mengledowkn@weebly.com,32.15.172.55
745,Charleen,Larchier,clarchierko@friendfeed.com,189.68.235.111
746,Idell,Haisell,ihaisellkp@tuttocitta.it,22.98.161.233
747,Vina,Robberecht,vrobberechtkq@comsenz.com,130.243.99.138
748,Kele,Cowndley,kcowndleykr@creativecommons.org,199.228.28.212
749,Aguistin,Syres,asyresks@cornell.edu,195.50.11.114
750,Forrest,Samter,fsamterkt@elegantthemes.com,32.168.7.146
751,Sandra,Lacknor,slacknorku@yelp.com,78.85.93.98
752,Benedick,Duchatel,bduchatelkv@posterous.com,59.48.95.167
753,Jehanna,Barnshaw,jbarnshawkw@studiopress.com,215.240.216.201
754,Kelcy,Dmitrievski,kdmitrievskikx@salon.com,162.142.85.84
755,Bobbie,McCarney,bmccarneyky@blogspot.com,232.44.22.132
756,Roby,Pheasant,rpheasantkz@vk.com,68.38.103.185
757,Garrard,Maneylaws,gmaneylawsl0@who.int,63.86.120.168
758,Ree,Guille,rguillel1@illinois.edu,182.178.168.235
759,Kristina,Horlock,khorlockl2@tuttocitta.it,201.143.10.180
760,Mariette,Prahm,mprahml3@imgur.com,35.104.158.19
761,Gabi,Christescu,gchristescul4@github.com,66.4.62.18
762,Fawn,Gardiner,fgardinerl5@wunderground.com,177.63.175.25
763,See,Mincini,smincinil6@unblog.fr,87.181.184.16
764,Odele,Naden,onadenl7@adobe.com,3.0.71.50
765,Marsh,Greger,mgregerl8@squarespace.com,29.42.175.14
766,Torrin,Busch,tbuschl9@meetup.com,145.134.242.172
767,Merissa,Paulisch,mpaulischla@scribd.com,17.189.223.42
768,Sherman,Tomich,stomichlb@paginegialle.it,49.103.47.65
769,Dyan,Phillp,dphillplc@youku.com,125.214.30.251
770,Carena,Bohman,cbohmanld@boston.com,34.177.116.27
771,Maudie,Fesby,mfesbyle@bloomberg.com,178.83.111.222
772,Dulcine,Rabbitts,drabbittslf@desdev.cn,91.183.208.204
773,Kliment,Laidel,klaidellg@hud.gov,39.105.231.56
774,Kessiah,Inkle,kinklelh@auda.org.au,123.212.243.62
775,Merilyn,Myrie,mmyrieli@w3.org,136.121.97.171
776,Lewie,Kingsnoad,lkingsnoadlj@twitpic.com,203.141.45.158
777,Nolie,Ledwitch,nledwitchlk@examiner.com,16.109.236.148
778,Gisele,Jankowski,gjankowskill@businessinsider.com,251.166.171.34
779,Nestor,Ricker,nrickerlm@skyrock.com,138.173.108.194
780,Chane,Catherine,ccatherineln@chron.com,187.53.111.7
781,Ozzie,Boobyer,oboobyerlo@youku.com,155.231.216.164
782,Cole,Aronov,caronovlp@1und1.de,185.149.104.227
783,Karlie,Gourley,kgourleylq@upenn.edu,223.127.130.135
784,Yuma,Tracey,ytraceylr@netlog.com,62.86.127.239
785,Eberhard,Tsar,etsarls@theglobeandmail.com,197.155.204.8
786,Emelia,Heys,eheyslt@apache.org,5.186.5.93
787,Paco,Ivanuschka,pivanuschkalu@answers.com,247.125.179.229
788,Stefanie,McNulty,smcnultylv@umich.edu,156.94.28.163
789,Montague,Trebbett,mtrebbettlw@samsung.com,193.217.164.232
790,Dallas,Crumpe,dcrumpelx@photobucket.com,172.248.209.118
791,Reid,Deveril,rdeverilly@soup.io,134.98.93.40
792,Tonia,Borgnet,tborgnetlz@tumblr.com,25.75.98.166
793,Wainwright,Grimsdell,wgrimsdellm0@indiatimes.com,158.253.72.216
794,Meryl,Cradock,mcradockm1@intel.com,241.117.115.60
795,Terrijo,Borham,tborhamm2@github.io,103.29.159.200
796,Wilhelmina,Diche,wdichem3@tripod.com,170.44.147.8
797,Ysabel,Whilder,ywhilderm4@berkeley.edu,248.135.99.198
798,Wini,Nafzger,wnafzgerm5@tripadvisor.com,159.199.151.200
799,Bond,Bootland,bbootlandm6@wordpress.com,63.95.10.248
800,Huey,Mallett,hmallettm7@geocities.com,17.106.160.109
801,Fidel,Carse,fcarsem8@discuz.net,229.110.10.23
802,Myrtie,Livock,mlivockm9@lycos.com,173.254.178.157
803,Gabriella,Eglise,geglisema@archive.org,174.15.248.7
804,Rosaline,Guye,rguyemb@tripod.com,69.237.52.186
805,Norma,Michelet,nmicheletmc@tripadvisor.com,202.135.45.159
806,Obediah,Georgeot,ogeorgeotmd@icq.com,17.72.49.170
807,Micheil,Mateiko,mmateikome@statcounter.com,239.182.221.196
808,Romy,Tinmouth,rtinmouthmf@ocn.ne.jp,219.18.8.187
809,Ursula,Sheraton,usheratonmg@amazonaws.com,115.179.140.208
810,Nomi,Lintill,nlintillmh@nymag.com,52.228.86.124
811,Mae,Blaymires,mblaymiresmi@amazon.co.uk,186.227.194.20
812,Linnie,Preece,lpreecemj@wikispaces.com,114.4.239.25
813,Ford,Bonwick,fbonwickmk@sfgate.com,101.183.2.53
814,Junina,Lembke,jlembkeml@shareasale.com,221.192.20.51
815,Eyde,Reeves,ereevesmm@cocolog-nifty.com,242.144.187.185
816,Eb,Kniveton,eknivetonmn@europa.eu,117.36.250.240
817,Fletch,Turford,fturfordmo@fastcompany.com,11.107.62.96
818,Heath,Vanyashkin,hvanyashkinmp@phoca.cz,36.88.153.226
819,Vergil,Brierly,vbrierlymq@fotki.com,29.97.25.213
820,Amandie,Predohl,apredohlmr@wordpress.com,127.53.163.88
821,Ethelbert,Dachs,edachsms@state.gov,162.93.168.196
822,Meghan,Shurrocks,mshurrocksmt@accuweather.com,110.140.226.241
823,Clayton,Jendas,cjendasmu@usgs.gov,85.102.140.231
824,Darlene,Hiscocks,dhiscocksmv@goodreads.com,29.64.50.239
825,Ashely,Lambdin,alambdinmw@microsoft.com,60.227.173.177
826,Hendrick,Caudelier,hcaudeliermx@barnesandnoble.com,207.220.160.36
827,Melanie,Baskerfield,mbaskerfieldmy@oakley.com,94.254.136.112
828,Deeyn,Mawdsley,dmawdsleymz@macromedia.com,118.248.253.195
829,Cassandra,Dunham,cdunhamn0@unblog.fr,236.159.69.65
830,Addie,Hagerty,ahagertyn1@dell.com,110.217.26.85
831,Lazar,Dorran,ldorrann2@tripod.com,202.220.201.186
832,Miquela,Ruberry,mruberryn3@linkedin.com,125.101.208.141
833,Althea,Walbrun,awalbrunn4@hibu.com,172.155.213.183
834,Siegfried,Martensen,smartensenn5@blog.com,148.106.1.241
835,Cary,Ruddiman,cruddimann6@nationalgeographic.com,184.31.208.3
836,Vida,Trolley,vtrolleyn7@squarespace.com,246.242.227.111
837,Emmalee,Swindles,eswindlesn8@prlog.org,204.78.152.51
838,Ara,Dincey,adinceyn9@tuttocitta.it,31.50.176.18
839,Betty,Hoyle,bhoylena@t.co,92.154.162.241
840,Jemmy,Wilcock,jwilcocknb@rediff.com,6.33.54.50
841,Durward,Laughlan,dlaughlannc@linkedin.com,51.44.89.50
842,Elladine,Lobell,elobellnd@gizmodo.com,110.94.68.127
843,Oriana,McGannon,omcgannonne@illinois.edu,202.23.84.127
844,Martyn,Jobin,mjobinnf@businesswire.com,218.22.53.52
845,Noemi,Freeth,nfreethng@feedburner.com,28.184.157.57
846,Floris,Settle,fsettlenh@virginia.edu,131.148.201.44
847,Nixie,Drover,ndroverni@plala.or.jp,9.249.124.69
848,Alyse,Bartosiak,abartosiaknj@state.tx.us,56.42.45.181
849,Morlee,Sargood,msargoodnk@wikipedia.org,195.129.231.220
850,Gabriela,Symonds,gsymondsnl@google.fr,124.38.141.40
851,Bail,Bruyntjes,bbruyntjesnm@amazon.co.jp,197.237.211.5
852,Tonye,Swinerd,tswinerdnn@wisc.edu,137.122.60.128
853,Bette-ann,Scotford,bscotfordno@sphinn.com,118.102.201.6
854,Cecilia,Doutch,cdoutchnp@nyu.edu,253.128.90.39
855,Kelli,Caughte,kcaughtenq@merriam-webster.com,36.44.240.43
856,Flynn,Hehir,fhehirnr@illinois.edu,90.118.102.152
857,Elsa,Hattrick,ehattrickns@hhs.gov,93.221.126.110
858,Edik,Bass,ebassnt@domainmarket.com,113.38.125.180
859,Jamison,Pummery,jpummerynu@dailymail.co.uk,123.176.147.87
860,Hesther,Aldous,haldousnv@mayoclinic.com,55.21.1.59
861,Horace,Keling,hkelingnw@reverbnation.com,139.235.228.79
862,Bambie,Spillman,bspillmannx@gmpg.org,49.54.88.2
863,Horst,Inott,hinottny@guardian.co.uk,228.87.141.246
864,Roberta,Dary,rdarynz@reuters.com,19.216.103.159
865,Lyssa,Joiris,ljoiriso0@businesswire.com,20.177.103.187
866,Pincas,Pippard,ppippardo1@studiopress.com,163.214.9.202
867,Celeste,Silcocks,csilcockso2@github.com,160.184.250.195
868,Judon,Frankel,jfrankelo3@narod.ru,133.252.233.6
869,Shelli,Loomis,sloomiso4@homestead.com,199.141.153.179
870,Chester,Mayo,cmayoo5@ustream.tv,192.42.96.124
871,Constantine,Reimer,creimero6@digg.com,33.45.14.200
872,Moe,Pennrington,mpennringtono7@hatena.ne.jp,194.254.225.192
873,Brennan,Sabates,bsabateso8@answers.com,173.92.249.79
874,Verge,Fereday,vferedayo9@nsw.gov.au,204.25.207.60
875,Alfie,Warn,awarnoa@weebly.com,56.196.91.22
876,Faydra,Tolcher,ftolcherob@gov.uk,29.67.122.239
877,Effie,Beatty,ebeattyoc@walmart.com,60.90.63.86
878,Verina,Wehden,vwehdenod@eventbrite.com,190.101.72.223
879,Renata,Mackneis,rmackneisoe@google.com,44.101.35.142
880,Lyle,Haill,lhaillof@vk.com,109.168.214.206
881,Alaster,Portigall,aportigallog@cnn.com,213.146.8.148
882,Robbi,Gilsthorpe,rgilsthorpeoh@slideshare.net,84.217.69.136
883,Lefty,Spreag,lspreagoi@netscape.com,113.55.35.67
884,Vernor,Margrett,vmargrettoj@slate.com,37.153.53.202
885,Chery,Cosby,ccosbyok@merriam-webster.com,50.68.224.224
886,Nolie,Ascroft,nascroftol@auda.org.au,226.246.182.239
887,Demetra,Regorz,dregorzom@si.edu,60.132.212.233
888,Ronny,Furby,rfurbyon@twitter.com,172.12.14.205
889,Ignaz,Lethardy,ilethardyoo@discuz.net,58.234.244.162
890,Nanete,Levings,nlevingsop@sogou.com,50.106.95.114
891,Deane,Pharoah,dpharoahoq@theglobeandmail.com,199.31.80.106
892,Wallas,Morrott,wmorrottor@shop-pro.jp,206.255.162.86
893,Pooh,Dy,pdyos@t-online.de,27.231.176.191
894,Ludvig,Matthensen,lmatthensenot@wikimedia.org,55.7.126.214
895,Elijah,Burgum,eburgumou@studiopress.com,130.217.135.184
896,Damian,Teal,dtealov@sfgate.com,158.75.18.8
897,Petr,Coade,pcoadeow@cnet.com,113.218.170.196
898,Mireille,Copping,mcoppingox@goo.ne.jp,230.21.232.208
899,Ax,Gegay,agegayoy@businessweek.com,9.108.148.20
900,Lars,Ditt,ldittoz@dyndns.org,87.170.127.64
901,Emmott,Gubbin,egubbinp0@slideshare.net,156.198.37.164
902,Esme,Genthner,egenthnerp1@theguardian.com,153.230.210.133
903,Cammi,Bendson,cbendsonp2@ox.ac.uk,60.169.115.82
904,Terence,Thon,tthonp3@plala.or.jp,17.217.152.53
905,Stefa,Sands-Allan,ssandsallanp4@bluehost.com,112.196.128.130
906,Chadd,Debenham,cdebenhamp5@craigslist.org,145.164.192.134
907,Quintina,Laurentino,qlaurentinop6@hp.com,149.4.85.129
908,Erminia,Piscopo,episcopop7@unicef.org,40.188.157.186
909,Della,Puddle,dpuddlep8@huffingtonpost.com,43.147.39.34
910,Junette,Woolvin,jwoolvinp9@bluehost.com,204.180.238.94
911,Emanuel,Allderidge,eallderidgepa@a8.net,151.117.143.184
912,Will,Raikes,wraikespb@irs.gov,88.222.93.75
913,Jonell,Veryard,jveryardpc@google.co.jp,80.122.1.82
914,Zachariah,Denniston,zdennistonpd@comsenz.com,124.208.67.112
915,Baryram,Gounard,bgounardpe@myspace.com,199.167.122.92
916,Sheena,Ruilton,sruiltonpf@goo.gl,241.77.161.204
917,Kate,Nell,knellpg@discovery.com,241.16.206.151
918,Emalia,Abthorpe,eabthorpeph@cnet.com,221.119.174.253
919,Melanie,Potbury,mpotburypi@usgs.gov,126.144.212.251
920,Darryl,Pockett,dpockettpj@etsy.com,64.34.33.155
921,Antony,Hafner,ahafnerpk@hexun.com,110.249.21.62
922,Ranee,Driver,rdriverpl@wunderground.com,129.217.111.20
923,Myriam,Wegman,mwegmanpm@bloglines.com,38.124.142.235
924,Carma,Leathart,cleathartpn@bluehost.com,175.88.42.80
925,Demetre,Farmer,dfarmerpo@ucoz.com,214.199.174.14
926,Adelle,Heining,aheiningpp@canalblog.com,118.27.199.113
927,Kala,Atchly,katchlypq@rediff.com,122.159.119.78
928,Cirillo,Cloughton,ccloughtonpr@ycombinator.com,180.164.35.62
929,Mannie,Siemon,msiemonps@soundcloud.com,102.91.221.234
930,Dal,Del Castello,ddelcastellopt@bravesites.com,94.142.253.70
931,Collete,Storrar,cstorrarpu@amazon.co.uk,49.194.216.60
932,Alair,Karlsen,akarlsenpv@nasa.gov,212.58.114.122
933,Gareth,Boulger,gboulgerpw@imdb.com,76.50.201.254
934,Neila,Mendes,nmendespx@cargocollective.com,6.223.61.228
935,Odie,deKnevet,odeknevetpy@ted.com,38.232.62.56
936,Hilly,Polleye,hpolleyepz@w3.org,213.187.44.235
937,Timoteo,Bellin,tbellinq0@phpbb.com,170.143.14.225
938,Corney,Sherbourne,csherbourneq1@samsung.com,191.64.34.156
939,Micheline,Ferryman,mferrymanq2@nps.gov,15.28.218.4
940,Klara,Gockeler,kgockelerq3@biglobe.ne.jp,65.0.75.35
941,Sherwin,Elijahu,selijahuq4@stumbleupon.com,37.17.156.98
942,Percy,McTurk,pmcturkq5@diigo.com,230.86.94.144
943,Myrilla,Jahn,mjahnq6@prweb.com,114.105.159.166
944,Charity,Yakubov,cyakubovq7@usatoday.com,188.56.128.169
945,Marijn,Dyshart,mdyshartq8@merriam-webster.com,63.0.122.252
946,Nana,Pengelley,npengelleyq9@issuu.com,123.208.172.225
947,Wanda,Bradbrook,wbradbrookqa@paypal.com,37.165.24.148
948,Beitris,Quilter,bquilterqb@mashable.com,236.180.30.120
949,Allix,Blastock,ablastockqc@wikia.com,224.195.90.52
950,Sherry,Chivrall,schivrallqd@nymag.com,235.103.167.137
951,Roderich,Jarrell,rjarrellqe@usda.gov,240.7.144.144
952,Hattie,Mersh,hmershqf@dagondesign.com,18.159.35.1
953,Ladonna,Wigfield,lwigfieldqg@rakuten.co.jp,123.114.103.60
954,Konstantine,Lope,klopeqh@aol.com,233.101.13.91
955,Myrna,Sandercock,msandercockqi@nature.com,37.100.245.29
956,Dehlia,Saville,dsavilleqj@guardian.co.uk,70.141.194.155
957,Vikki,Impleton,vimpletonqk@jugem.jp,45.150.127.169
958,Natale,Graveney,ngraveneyql@cnbc.com,171.157.185.149
959,Lia,Cuff,lcuffqm@slashdot.org,205.109.74.235
960,Trevor,Fitton,tfittonqn@accuweather.com,179.22.165.238
961,Amalea,Stutard,astutardqo@mediafire.com,243.163.87.94
962,Giusto,Suddock,gsuddockqp@abc.net.au,82.111.171.28
963,Orelie,Kneebone,okneeboneqq@tinypic.com,234.22.252.119
964,Lorianna,Sandwich,lsandwichqr@seesaa.net,201.20.166.99
965,Roth,Layton,rlaytonqs@microsoft.com,193.143.209.202
966,Ediva,De Fries,edefriesqt@wunderground.com,171.182.122.212
967,Brantley,Lindstrom,blindstromqu@behance.net,52.181.220.86
968,Teodorico,Harber,tharberqv@gravatar.com,254.239.133.78
969,Waring,Goforth,wgoforthqw@homestead.com,58.219.196.90
970,Jennilee,Greally,jgreallyqx@t-online.de,86.86.220.27
971,Patty,Scurr,pscurrqy@purevolume.com,204.136.89.112
972,Lynea,Stockton,lstocktonqz@mediafire.com,138.32.136.24
973,Park,Screwton,pscrewtonr0@soundcloud.com,7.137.117.184
974,Finley,Hugonin,fhugoninr1@wordpress.com,158.43.19.231
975,Evey,Howman,ehowmanr2@webs.com,129.82.151.179
976,Leigh,Kohnemann,lkohnemannr3@wikimedia.org,95.77.125.15
977,Kalinda,Draysay,kdraysayr4@dion.ne.jp,127.108.200.148
978,Leroi,Middlewick,lmiddlewickr5@unblog.fr,188.36.245.28
979,Keith,Hogbin,khogbinr6@mtv.com,3.51.95.130
980,Stace,Bodycote,sbodycoter7@shutterfly.com,59.255.169.186
981,Ted,Simukov,tsimukovr8@cam.ac.uk,253.94.71.112
982,Corrianne,Filippone,cfilipponer9@liveinternet.ru,90.233.233.211
983,Kessia,Acuna,kacunara@cargocollective.com,66.73.148.88
984,Perrine,Davers,pdaversrb@soup.io,201.114.242.203
985,Ethe,Jefferies,ejefferiesrc@nytimes.com,90.48.26.56
986,Marybeth,Paxton,mpaxtonrd@accuweather.com,163.13.35.85
987,Jan,Schonfelder,jschonfelderre@cloudflare.com,173.224.22.174
988,Ninnetta,Golledge,ngolledgerf@amazon.co.jp,219.5.217.102
989,Eleanor,Foldes,efoldesrg@canalblog.com,90.119.147.14
990,Gusti,Comber,gcomberrh@discuz.net,157.30.149.159
991,Shel,Chittleburgh,schittleburghri@diigo.com,112.66.12.193
992,Hashim,Mortimer,hmortimerrj@google.es,146.23.67.133
993,Rabi,Maryott,rmaryottrk@nbcnews.com,242.70.12.176
994,Eziechiele,Yakuntsov,eyakuntsovrl@fastcompany.com,105.165.31.173
995,Rosana,Swaite,rswaiterm@quantcast.com,216.11.97.189
996,Dagmar,Shreeve,dshreevern@simplemachines.org,45.21.59.118
997,Granger,Wichard,gwichardro@irs.gov,114.21.54.146
998,Alleyn,Eayres,aeayresrp@ibm.com,91.170.59.15
999,Addie,Seer,aseerrq@apple.com,158.53.122.52
1000,Alden,Geany,ageanyrr@delicious.com,243.136.240.58
